{
  "accuracy": 0.693,
  "precision": 0.6477794793261868,
  "recall": 0.846,
  "f1": 0.7337380745880312
}