{
  "accuracy": 0.687,
  "precision": 0.645412130637636,
  "recall": 0.83,
  "f1": 0.726159230096238
}